LOCALE_GROUP,institution_count,avg_tuition,avg_grad_rate,avg_earnings,avg_roi
Rural,185,22076.75945945946,0.4222556756756757,45343.91891891892,3.1611111245447496
Town,356,23564.905898876405,0.5098148876404495,50789.34550561798,3.0410192313284177
City,1023,26043.536656891494,0.5385346041055719,54153.639296187685,2.990736775553276
Suburb,492,26990.747967479674,0.5302674796747967,54756.06504065041,2.957867941066962
