CONTROL_DESC,institution_count,avg_tuition,avg_grad_rate,avg_earnings,avg_roi
Public,768,13937.853515625,0.46982682291666666,51537.139322916664,4.586193033226949
Private for-profit,164,18431.90243902439,0.4324841463414634,46991.62804878049,2.7404148104167874
Private nonprofit,1125,34376.21288888889,0.5688570666666667,54707.81333333333,1.9692980093347607
